2019-02-07 13:37:26.624823,Buywithyourbills
2019-02-07 13:42:41.932976,Buywithyourbills
2019-02-07 13:53:13.520127,Buywithyourbills
2019-02-07 13:56:59.293934,Buywithyourbills
2019-02-07 13:57:13.068367,Buywithyourbills
2019-02-07 14:31:06.966030,Bonus Rs.10
2019-02-07 15:38:37.020994,Buywithyourbills
2019-02-07 15:38:37.020994,Bonus Rs.10
2019-02-07 15:38:37.069331,You just scanned QR code
2019-02-07 15:38:57.596730,Bonus Rs.10
2019-02-07 19:28:44.156557,Bonus Rs.10
2019-02-07 19:29:28.990136,6957326777588
2019-02-07 19:29:28.990136,6951386777588
2019-02-07 19:29:29.212785,2917320777582
2019-02-07 19:29:50.081178,2911320771588
2019-02-07 19:29:50.660801,6957386771588
2019-02-07 19:29:57.764937,2911315777588
2019-02-07 19:29:58.049999,3917316777588
2019-02-07 19:29:58.450817,6957326711582
2019-02-07 19:30:00.857105,6951386711582
2019-02-07 21:51:16.016285,Bonus Rs.10
2019-02-07 21:55:15.232011,Bonus Rs.10
2019-02-07 23:18:43.126646,Bonus Rs.10
2019-02-07 23:23:16.436050,Bonus Rs.10
2019-02-07 23:29:40.413231,Bonus Rs.10
2019-02-07 23:36:18.406147,Bonus Rs.10
2019-02-07 23:36:46.426685,Bonus Rs.10
2019-02-07 23:37:02.820877,Buywithyourbills
